amino_acid	codon	first	second
Ala	GCA	GCG	GCC
Ala	GCG	GCA	GCC
Ala 	GCU	GCC	GCG
Ala	GCC	GCU	GCG
Arg	CGA	CGG	CGC
Arg	CGG	CGA	CGC
Arg	CGU	CGC	CGG
Arg	CGC	CGU	CGG
Arg	AGA	AGG	CGG
Arg	AGG	AGA	CGG
Asn	AAU	AAC	AAC
Asn	AAC	AAU	AAU
Asp	GAU	GAC	GAC
Asp	GAC	GAU	GAU
Cys	UGU	UGC	UGC
Cys	UGC	UGU	UGU
Gln	CAA	CAG	CAG
Gln	CAG	CAA	CAA
Glu	GAA	GAG	GAG
Glu	GAG	GAA	GAA
Gly	GGA	GGG	GGC
Gly	GGG	GGA	GGC
Gly	GGU	GGC	GGG
Gly	GGC	GGU	GGG
His	CAU	CAC	CAC
His	CAC	CAU	CAU
Ile	AUA	AUC	AUU
Ile	AUU	AUC	AUA
Ile	AUC	AUU	AUA
Leu	CUA	CUG	CUC
Leu	CUG	CUA	CUC
Leu	CUU	CUC	CUG
Leu	CUC	CUU	CUG
Leu	UUA	UUG	CUG
Leu	UUG	UUA	CUG
Lys	AAA	AAG	AAG
Lys	AAG	AAA	AAA
Met	AUG	AUG	AUG
Phe	UUU	UUC	UUC
Phe	UUC	UUU	UUU
Pro	CCA	CCG	CCC
Pro	CCG	CCA	CCC
Pro	CCU	CCC	CCG
Pro	CCC	CCU	CCG
Ser	UCA	UCG	UCC
Ser	UCG	UCA	UCC
Ser	UCU	UCC	UCG
Ser	UCC	UCU	UCG
Ser	AGU	AGC	UCC
Ser	AGC	AGU	UCC
Thr	ACA	ACG	ACC
Thr	ACG	ACA	ACC
Thr	ACU	ACC	ACG
Thr	ACC	ACU	ACG
Trp	UGG	UGG	UGG
Tyr	UAU	UAC	UAC
Tyr	UAC	UAU	UAU
Val	GUA	GUG	GUC
Val	GUG	GUA	GUC
Val	GUU	GUC	GUG
Val	GUC	GUU	GUG
Stop	UAA	UAG	UGA
Stop	UAG	UAA	UGA
Stop	UGA	UAA	UAG
